City_ID,City,Lat,Lng,Max Temp,Humidity,Cloudiness,Wind Speed,Country,Date
0,kuqa,41.7278,82.9364,-3.480000000000018,68,3,1.49,CN,2025-1-9
1,namibe,-15.1961,12.1522,22.910000000000025,86,7,1.22,AO,2025-1-9
2,opuwo,-18.0607,13.84,23.379999999999995,46,87,1.37,NA,2025-1-9
3,puerto ayora,-0.7393,-90.3518,27.339999999999975,96,79,0.89,EC,2025-1-9
4,wenchang,30.904,118.4887,7.589999999999975,23,0,2.0,CN,2025-1-9
5,waitangi,-43.9535,-176.5597,16.939999999999998,68,84,5.36,NZ,2025-1-9
6,ust'-kulom,61.6864,53.6902,-5.600000000000023,83,41,5.5,RU,2025-1-9
7,kingston,17.997,-76.7936,28.680000000000007,83,20,3.6,JM,2025-1-9
8,kearney,40.6995,-99.0815,0.5500000000000114,84,0,7.2,US,2025-1-9
9,yellowknife,62.456,-114.3525,-17.099999999999994,92,100,7.2,CA,2025-1-9
10,ushuaia,-54.8,-68.3,7.970000000000027,89,26,1.76,AR,2025-1-9
11,kachkanar,58.7,59.4948,-0.36000000000001364,80,61,7.14,RU,2025-1-9
12,chonchi,-42.6128,-73.8092,13.769999999999982,92,0,1.45,CL,2025-1-9
13,port-aux-francais,-49.35,70.2167,7.5,92,100,22.8,TF,2025-1-9
14,pilar do sul,-23.8131,-47.7164,19.74000000000001,96,73,2.99,BR,2025-1-9
15,kodiak,57.79,-152.4072,6.8799999999999955,75,0,3.6,US,2025-1-9
16,grytviken,-54.2811,-36.5092,10.529999999999973,93,100,3.51,GS,2025-1-9
17,stanley,54.868,-1.6985,0.660000000000025,86,20,4.12,GB,2025-1-9
18,dongning,44.0622,131.1207,-6.0400000000000205,52,53,3.27,CN,2025-1-9
19,adamstown,-25.066,-130.1015,26.389999999999986,85,100,13.8,PN,2025-1-9
20,puerto natales,-51.7236,-72.4875,9.54000000000002,87,4,1.48,CL,2025-1-9
21,buala,-8.145,159.5921,31.930000000000007,79,98,4.75,SB,2025-1-9
22,albemarle,35.3501,-80.2001,-0.9300000000000068,68,0,0.0,US,2025-1-9
23,atafu village,-8.5421,-172.5159,31.439999999999998,70,100,8.7,TK,2025-1-9
24,avarua,-21.2078,-159.775,29.180000000000007,94,100,4.63,CK,2025-1-9
25,ocean city,39.2776,-74.5746,1.5400000000000205,60,0,5.81,US,2025-1-9
26,usogorsk,63.4106,48.6872,-6.5,90,100,5.98,RU,2025-1-9
27,solleftea,63.1667,17.2667,-3.930000000000007,99,92,1.66,SE,2025-1-9
28,hermanus,-34.4187,19.2345,20.25999999999999,81,68,2.87,ZA,2025-1-9
29,anadyr,64.75,177.4833,-25.569999999999993,75,75,5.81,RU,2025-1-9
30,hamilton,39.1834,-84.5333,-4.579999999999984,80,0,2.57,US,2025-1-9
31,port elizabeth,-33.918,25.5701,24.439999999999998,88,0,3.6,ZA,2025-1-9
32,palmer,42.1584,-72.3287,-1.339999999999975,61,9,0.89,US,2025-1-9
33,berdigestyakh,62.0989,126.6992,-21.349999999999994,95,97,1.57,RU,2025-1-9
34,bredasdorp,-34.5322,20.0403,22.19999999999999,78,46,2.01,ZA,2025-1-9
35,invercargill,-46.4,168.35,22.05000000000001,65,86,3.58,NZ,2025-1-9
36,nadym,65.5333,72.5167,-9.300000000000011,94,100,11.87,RU,2025-1-9
37,uturoa,-16.7333,-151.4333,31.24000000000001,74,90,5.6,PF,2025-1-9
38,callao,-12.0667,-77.15,25.769999999999982,68,0,7.72,PE,2025-1-9
39,brisas de zicatela,15.8369,-97.0419,28.600000000000023,80,29,2.49,MX,2025-1-9
40,kisangani,0.5167,25.2,24.410000000000025,79,90,0.43,CD,2025-1-9
41,colonia,50.9333,6.95,5.350000000000023,86,100,4.63,DE,2025-1-9
42,papatowai,-46.5619,169.4708,19.30000000000001,71,69,4.91,NZ,2025-1-9
43,flin flon,54.7682,-101.865,-17.639999999999986,93,67,3.32,CA,2025-1-9
44,karamay,45.6004,84.8661,-4.75,85,57,1.47,CN,2025-1-9
45,haiku-pauwela,20.9219,-156.3051,28.829999999999984,79,98,6.71,US,2025-1-9
46,nova sintra,14.8667,-24.7167,27.350000000000023,72,0,8.72,CV,2025-1-9
47,ambovombe,-25.1667,46.0833,31.279999999999973,64,6,1.83,MG,2025-1-9
48,nizao,18.25,-70.2,26.69999999999999,81,95,5.71,DO,2025-1-9
49,la passe,45.5549,-0.8967,14.829999999999984,93,100,8.3,FR,2025-1-9
50,talnakh,69.4865,88.3972,-24.77000000000001,99,36,2.52,RU,2025-1-9
51,kavieng,-2.5744,150.7967,32.879999999999995,72,94,4.02,PG,2025-1-9
52,bilibino,68.0546,166.4372,-24.210000000000008,99,100,1.03,RU,2025-1-9
53,bethel,41.3712,-73.414,1.1999999999999886,68,0,3.6,US,2025-1-9
54,upper hutt,-41.1383,175.0502,22.389999999999986,60,1,2.9,NZ,2025-1-9
55,flying fish cove,-10.4217,105.6791,28.970000000000027,94,100,3.6,CX,2025-1-9
56,thompson,55.7435,-97.8558,-14.759999999999991,71,100,4.63,CA,2025-1-9
57,tambacounda,13.7539,-13.7586,27.180000000000007,38,0,3.09,SN,2025-1-9
58,freetown,8.484,-13.2299,28.24000000000001,87,97,0.17,SL,2025-1-9
59,margaret river,-33.95,115.0667,24.529999999999973,61,100,5.41,AU,2025-1-9
60,albany,42.6001,-73.9662,-0.5799999999999841,69,55,2.68,US,2025-1-9
61,greenville,35.6127,-77.3663,2.160000000000025,59,0,0.0,US,2025-1-9
62,college,64.8569,-147.8028,-0.8799999999999955,88,100,1.54,US,2025-1-9
63,ilulissat,69.2167,-51.1,-25.599999999999994,85,13,2.58,GL,2025-1-9
64,zaozersk,69.4005,32.4476,-10.129999999999995,96,98,2.64,RU,2025-1-9
65,cadale,2.7603,46.3222,27.899999999999977,78,58,9.1,SO,2025-1-9
66,buckhannon,38.994,-80.232,-8.360000000000014,99,100,1.66,US,2025-1-9
67,west island,-12.1568,96.8225,33.139999999999986,74,75,6.17,CC,2025-1-9
68,ust-nera,64.5667,143.2,-27.110000000000014,98,91,1.24,RU,2025-1-9
69,selfoss,63.9331,-20.9971,-2.069999999999993,97,98,3.74,IS,2025-1-9
70,olonkinbyen,70.9221,-8.7187,-7.759999999999991,78,100,10.37,SJ,2025-1-9
71,touros,-5.1989,-35.4608,29.00999999999999,85,71,3.6,BR,2025-1-9
72,ubari,26.5921,12.7805,12.199999999999989,55,17,1.72,LY,2025-1-9
73,santo antonio do ica,-3.1022,-67.9397,25.69999999999999,96,99,0.75,BR,2025-1-9
74,edinburgh of the seven seas,-37.0676,-12.3116,20.670000000000016,95,100,7.68,SH,2025-1-9
75,iglino,54.8324,56.4126,2.8999999999999773,94,100,1.83,RU,2025-1-9
76,nchelenge,-9.3451,28.734,23.29000000000002,93,100,0.68,ZM,2025-1-9
77,praia da vitoria,38.7333,-27.0667,22.29000000000002,94,75,7.25,PT,2025-1-9
78,conception bay south,47.4999,-52.9981,3.5600000000000023,92,100,6.61,CA,2025-1-9
79,molochnoye,59.2917,39.6787,-0.029999999999972715,91,98,4.32,RU,2025-1-9
80,iqaluit,63.7506,-68.5145,-11.0,85,100,0.0,CA,2025-1-9
81,ribeira grande,38.5167,-28.7,20.25,95,100,2.24,PT,2025-1-9
82,medicine hat,50.0501,-110.6683,-3.3999999999999773,86,0,1.54,CA,2025-1-9
83,queenstown,-31.8976,26.8753,19.74000000000001,92,5,1.76,ZA,2025-1-9
84,utrik,11.2278,169.8474,29.99000000000001,78,11,9.56,MH,2025-1-9
85,the pas,53.8251,-101.2541,-10.839999999999975,72,100,5.14,CA,2025-1-9
86,arafat,39.0344,44.6198,-1.4300000000000068,68,1,1.67,IR,2025-1-9
87,kirakat,25.6333,82.9167,12.189999999999998,46,4,0.91,IN,2025-1-9
88,saudarkrokur,65.7461,-19.6394,-2.480000000000018,85,99,6.33,IS,2025-1-9
89,lebu,-37.6167,-73.65,15.79000000000002,84,0,7.4,CL,2025-1-9
90,temerluh,3.4506,102.4176,33.170000000000016,56,74,2.74,MY,2025-1-9
91,bahia honda,22.9036,-83.1592,18.75999999999999,68,4,3.05,CU,2025-1-9
92,arraial do cabo,-22.9661,-42.0278,27.25,81,54,5.3,BR,2025-1-9
93,whitehorse,60.7161,-135.0538,5.579999999999984,93,100,9.26,CA,2025-1-9
94,beyneu,45.3167,55.2,0.3100000000000023,61,4,4.54,KZ,2025-1-9
95,aasiaat,68.7098,-52.8699,-20.330000000000013,99,88,2.58,GL,2025-1-9
96,klyuchi,52.2667,79.1667,-2.75,82,100,6.8,RU,2025-1-9
97,lodwar,3.1191,35.5973,29.839999999999975,48,100,1.14,KE,2025-1-9
98,tripoli,32.8752,13.1875,16.660000000000025,52,74,4.65,LY,2025-1-9
99,maceio,-9.6658,-35.7353,28.839999999999975,88,20,2.06,BR,2025-1-9
100,blackmans bay,-43.0167,147.3167,31.220000000000027,56,16,3.82,AU,2025-1-9
101,jamestown,42.097,-79.2353,-5.050000000000011,86,100,2.06,US,2025-1-9
102,morondava,-20.2833,44.2833,32.72000000000003,62,49,1.64,MG,2025-1-9
103,fale old settlement,-9.3852,-171.2468,31.379999999999995,69,93,8.19,TK,2025-1-9
104,mitu,1.1983,-70.1733,26.20999999999998,91,52,0.28,CO,2025-1-9
105,lukolela,-1.0605,17.1821,24.430000000000007,95,78,1.18,CD,2025-1-9
106,daru,-9.0763,143.2092,30.49000000000001,83,100,2.41,PG,2025-1-9
107,isafjordur,66.0755,-23.124,0.9700000000000273,84,54,5.9,IS,2025-1-9
108,tyukhtet,56.5389,89.3011,-13.490000000000009,97,65,2.52,RU,2025-1-9
109,longyearbyen,78.2186,15.6401,1.0600000000000023,93,75,6.17,SJ,2025-1-9
110,new norfolk,-42.7826,147.0587,30.769999999999982,32,27,3.33,AU,2025-1-9
111,cromwell,41.5951,-72.6454,0.9200000000000159,68,0,5.66,US,2025-1-9
112,falenki,58.3613,51.5946,0.2400000000000091,90,95,4.75,RU,2025-1-9
113,maua,-23.6678,-46.4614,22.589999999999975,99,86,2.12,BR,2025-1-9
114,kruisfontein,-34.0033,24.7314,22.44999999999999,85,52,4.45,ZA,2025-1-9
115,ciudad lazaro cardenas,17.9583,-102.2,27.939999999999998,78,98,3.13,MX,2025-1-9
116,bartica,6.4,-58.6167,23.980000000000018,95,14,1.2,GY,2025-1-9
117,sitia,35.2,26.0986,16.04000000000002,73,0,1.22,GR,2025-1-9
118,keflavik,64.0049,-22.5624,3.3899999999999864,86,20,5.14,IS,2025-1-9
119,siquirres,10.0975,-83.5066,24.30000000000001,98,100,1.66,CR,2025-1-9
120,port mathurin,-19.6833,63.4167,29.04000000000002,89,86,10.75,MU,2025-1-9
121,enewetak,11.3474,162.3373,30.480000000000018,79,8,9.38,MH,2025-1-9
122,alamosa,37.4695,-105.87,-4.860000000000014,57,75,4.12,US,2025-1-9
123,faya-largeau,17.9257,19.1043,18.24000000000001,38,9,10.3,TD,2025-1-9
124,qaqortoq,60.7167,-46.0333,-6.7099999999999795,71,22,3.74,GL,2025-1-9
125,hiratacho,35.4333,132.8167,4.1299999999999955,93,75,5.14,JP,2025-1-9
126,saipan,15.1355,145.701,35.54000000000002,78,40,6.17,MP,2025-1-9
127,tarko-sale,64.9225,77.785,-11.79000000000002,89,100,11.37,RU,2025-1-9
128,antsiranana,-12.2787,49.2917,28.569999999999993,83,20,2.06,MG,2025-1-9
129,mariental,-24.6333,17.9667,25.060000000000002,38,5,4.25,NA,2025-1-9
130,kapuskasing,49.4169,-82.4331,-6.800000000000011,85,100,4.63,CA,2025-1-9
131,howard springs,-12.497,131.047,36.47000000000003,78,100,2.58,AU,2025-1-9
132,kulhudhuffushi,6.6221,73.07,30.560000000000002,81,95,8.2,MV,2025-1-9
133,mount gambier,-37.8333,140.7667,34.389999999999986,26,78,4.04,AU,2025-1-9
134,carnarvon,-24.8667,113.6333,29.480000000000018,58,89,7.28,AU,2025-1-9
135,ta`u,-14.2336,-169.5144,31.399999999999977,77,100,11.6,AS,2025-1-9
136,east end,34.5507,-92.341,2.180000000000007,96,100,2.54,US,2025-1-9
137,puerto aysen,-45.4,-72.7,10.819999999999993,89,2,1.28,CL,2025-1-9
138,jaguarao,-32.5661,-53.3758,20.410000000000025,91,0,2.7,BR,2025-1-9
139,merizo village,13.2658,144.6691,33.139999999999986,82,86,6.52,GU,2025-1-9
140,montepuez,-13.1256,38.9997,24.24000000000001,97,35,1.52,MZ,2025-1-9
141,pirapozinho,-22.2753,-51.5,27.860000000000014,65,0,5.14,BR,2025-1-9
142,lihue,21.9789,-159.3672,28.920000000000016,79,0,5.14,US,2025-1-9
143,fandriana,-20.2333,47.3833,22.0,82,6,1.52,MG,2025-1-9
144,nizhnesortymskiy,62.4397,71.7603,-4.6200000000000045,95,100,8.71,RU,2025-1-9
145,djibo,14.1022,-1.6306,23.04000000000002,22,100,3.94,BF,2025-1-9
146,tolanaro,-25.0319,46.9987,30.189999999999998,83,20,4.12,MG,2025-1-9
147,kristiansund,63.1115,7.732,1.0,86,75,1.54,NO,2025-1-9
148,turkmenbasy,40.0222,52.9552,5.579999999999984,93,0,0.0,TM,2025-1-9
149,usinsk,65.9939,57.5281,-7.029999999999973,94,100,7.2,RU,2025-1-9
150,cheremukhovo,60.3484,59.9851,-2.4499999999999886,74,25,5.38,RU,2025-1-9
151,kerema,-7.9631,145.7785,32.51999999999998,77,94,4.12,PG,2025-1-9
152,piton saint-leu,-21.2196,55.3151,30.589999999999975,58,0,1.54,RE,2025-1-9
153,kapa'a,22.0752,-159.319,29.329999999999984,83,0,5.14,US,2025-1-9
154,princeton,25.5384,-80.4089,16.149999999999977,58,0,3.6,US,2025-1-9
155,saldanha,-33.0117,17.9442,22.180000000000007,87,55,3.53,ZA,2025-1-9
156,macau,22.2006,113.5461,18.55000000000001,51,0,9.26,MO,2025-1-9
157,badger,64.8,-147.5333,-0.9200000000000159,87,75,1.54,US,2025-1-9
158,port alfred,-33.5906,26.891,22.139999999999986,90,0,0.89,ZA,2025-1-9
159,thetford,52.4167,0.75,0.040000000000020464,93,0,2.57,GB,2025-1-9
160,kalmunai,7.4167,81.8167,29.810000000000002,82,52,5.25,LK,2025-1-9
161,chibougamau,49.9168,-74.3659,-8.060000000000002,92,100,4.12,CA,2025-1-9
162,hasaki,35.7333,140.8333,10.20999999999998,31,31,9.25,JP,2025-1-9
163,vorkuta,67.5,64.0,-10.240000000000009,96,100,3.47,RU,2025-1-9
164,port macquarie,-31.4333,152.9167,26.519999999999982,86,100,2.24,AU,2025-1-9
165,midvagur,62.0511,-7.1939,0.6100000000000136,74,75,0.0,FO,2025-1-9
166,astrakhan,46.3497,48.0408,5.079999999999984,100,75,2.0,RU,2025-1-9
167,lata,40.1629,-8.3327,12.639999999999986,97,56,1.9,PT,2025-1-9
168,ohara,35.25,140.3833,10.29000000000002,32,0,8.26,JP,2025-1-9
169,carros,43.7894,7.184,12.470000000000027,64,66,3.19,FR,2025-1-9
170,zaragoza,41.6561,-0.8773,12.600000000000023,61,0,2.06,ES,2025-1-9
171,puerto deseado,-47.7503,-65.8938,15.310000000000002,67,4,9.13,AR,2025-1-9
172,pisco,-13.7,-76.2167,23.180000000000007,83,0,3.09,PE,2025-1-9
173,cooper's town,26.8667,-77.5167,20.839999999999975,58,1,7.3,BS,2025-1-9
174,svetlyy,54.675,20.1347,9.279999999999973,94,100,5.73,RU,2025-1-9
175,sao joao da barra,-21.6403,-41.0511,25.350000000000023,88,81,6.21,BR,2025-1-9
176,afaahiti,-17.75,-149.2833,30.230000000000018,77,100,5.52,PF,2025-1-9
177,tegina,10.0706,6.1906,23.930000000000007,21,0,4.14,NG,2025-1-9
178,ponta pora,-22.5361,-55.7256,26.360000000000014,41,0,2.25,BR,2025-1-9
179,sitka,57.0531,-135.33,12.089999999999975,81,100,9.77,US,2025-1-9
180,tralee,52.2704,-9.7026,4.7900000000000205,97,100,5.33,IE,2025-1-9
181,udachny,66.4167,112.4,-17.55000000000001,99,100,1.82,RU,2025-1-9
182,puerto colombia,10.9878,-74.9547,30.19999999999999,83,40,10.91,CO,2025-1-9
183,luderitz,-26.6481,15.1594,19.75,82,4,5.79,NA,2025-1-9
184,kununurra,-15.7667,128.7333,37.139999999999986,55,20,3.09,AU,2025-1-9
185,camarinas,43.1311,-9.1817,19.220000000000027,92,100,10.16,ES,2025-1-9
186,ad dilam,23.9915,47.1627,13.439999999999998,63,49,1.69,SA,2025-1-9
187,tamandare,-8.7597,-35.1047,29.00999999999999,85,74,4.04,BR,2025-1-9
188,tibanbang,6.6315,126.1055,30.670000000000016,77,100,0.76,PH,2025-1-9
189,beau vallon,-20.4189,57.6953,30.279999999999973,89,75,6.17,MU,2025-1-9
190,tazacorte,28.629,-17.9293,20.44999999999999,41,0,4.12,ES,2025-1-9
191,barcelos,41.5388,-8.6151,16.560000000000002,96,100,2.91,PT,2025-1-9
192,kimbe,-5.5502,150.1429,34.160000000000025,65,99,2.61,PG,2025-1-9
193,velingara,13.15,-14.1167,25.04000000000002,24,0,0.92,SN,2025-1-9
194,arkalyk,50.2486,66.9114,-8.550000000000011,69,57,5.25,KZ,2025-1-9
195,kolonia town,6.964,158.206,35.20999999999998,66,75,6.17,FM,2025-1-9
196,porthcawl,51.479,-3.7036,5.2900000000000205,94,77,5.43,GB,2025-1-9
197,johi,26.6921,67.6133,18.089999999999975,18,0,4.05,PK,2025-1-9
198,mahibadhoo,3.7833,72.9667,30.670000000000016,79,99,6.88,MV,2025-1-9
199,karkira,36.9292,6.5856,14.589999999999975,83,2,4.15,DZ,2025-1-9
200,cameron,26.117,-97.5169,9.129999999999995,96,100,6.17,US,2025-1-9
201,kogalym,62.2654,74.4791,-7.329999999999984,94,100,10.93,RU,2025-1-9
202,sao felix do xingu,-6.6447,-51.995,25.389999999999986,98,100,0.28,BR,2025-1-9
203,sultanah,24.4926,39.5857,15.399999999999977,62,40,4.12,SA,2025-1-9
204,tamanrasset,22.785,5.5228,10.100000000000023,29,0,2.57,DZ,2025-1-9
205,goianesia,-15.3175,-49.1175,23.24000000000001,98,100,0.62,BR,2025-1-9
206,kishapu,-3.6167,33.8667,21.49000000000001,90,75,1.15,TZ,2025-1-9
207,wailua homesteads,22.0669,-159.378,28.589999999999975,85,0,5.14,US,2025-1-9
208,buzdyak,54.5833,54.55,1.8000000000000114,91,100,1.76,RU,2025-1-9
209,la ronge,55.1001,-105.2842,-14.710000000000008,85,100,1.54,CA,2025-1-9
210,trincomalee,8.5711,81.2335,28.95999999999998,86,31,5.79,LK,2025-1-9
211,oranjemund,-28.55,16.4333,19.79000000000002,92,0,2.37,NA,2025-1-9
212,saint-pierre,-21.3393,55.4781,31.970000000000027,58,0,1.54,RE,2025-1-9
213,pajara,28.3504,-14.1076,17.879999999999995,79,52,5.2,ES,2025-1-9
214,egbe,8.2167,5.5167,23.389999999999986,23,6,0.99,NG,2025-1-9
215,nar'yan-mar,67.6713,53.087,-7.279999999999973,95,100,3.95,RU,2025-1-9
216,bonthe,7.5264,-12.505,28.29000000000002,88,100,1.32,SL,2025-1-9
217,kassala,15.451,36.4,24.069999999999993,62,0,2.57,SD,2025-1-9
218,mata-utu,-13.2816,-176.1745,30.720000000000027,82,100,12.86,WF,2025-1-9
219,sao paulo de olivenca,-3.3783,-68.8725,26.19999999999999,98,100,1.02,BR,2025-1-9
220,collie,-33.3667,116.15,33.18000000000001,20,98,3.53,AU,2025-1-9
221,polyarnyy,69.1989,33.4478,-6.25,98,99,4.8,RU,2025-1-9
222,bereznik,62.8551,42.7072,-13.279999999999973,94,6,1.72,RU,2025-1-9
223,umuahia,5.5263,7.4896,24.850000000000023,94,22,1.44,NG,2025-1-9
224,georgetown,5.4112,100.3354,34.120000000000005,48,20,5.14,MY,2025-1-9
225,cockburn town,21.4612,-71.1419,27.379999999999995,59,80,5.87,TC,2025-1-9
226,vila do maio,15.1333,-23.2167,26.879999999999995,71,0,7.61,CV,2025-1-9
227,bangassou,4.7413,22.8184,21.730000000000018,39,48,1.26,CF,2025-1-9
228,sinazongwe,-17.2614,27.4618,26.49000000000001,87,100,4.73,ZM,2025-1-9
229,tchaourou,8.8865,2.5975,24.920000000000016,21,3,2.78,BJ,2025-1-9
230,margate,51.3813,1.3862,2.980000000000018,88,8,0.45,GB,2025-1-9
231,mountain home,43.133,-115.6912,-0.10000000000002274,92,0,3.6,US,2025-1-9
232,miguel ahumada,30.6167,-106.5167,4.449999999999989,62,100,7.54,MX,2025-1-9
233,kez,57.8979,53.7152,-0.9700000000000273,90,74,4.21,RU,2025-1-9
234,hilo,19.7297,-155.09,27.0,92,0,2.57,US,2025-1-9
235,tiksi,71.6872,128.8694,-22.930000000000007,99,96,4.55,RU,2025-1-9
236,san pedro,14.35,121.0167,32.76999999999998,73,75,7.6,PH,2025-1-9
237,crane,31.3974,-102.3501,5.430000000000007,69,40,5.85,US,2025-1-9
238,'alaqahdari dishu,30.4374,63.313,10.490000000000009,52,97,2.72,AF,2025-1-9
239,gusinoozyorsk,51.2833,106.5,-20.569999999999993,99,99,2.0,RU,2025-1-9
240,aldama,22.9167,-98.0667,17.660000000000025,94,31,1.1,MX,2025-1-9
241,coihueco,-36.6167,-71.8333,23.560000000000002,52,0,3.6,CL,2025-1-9
242,hammerfest,70.6634,23.6821,-7.600000000000023,73,6,1.54,NO,2025-1-9
243,vorgashor,67.5833,63.95,-10.420000000000016,96,100,3.6,RU,2025-1-9
244,nelson bay,-32.7167,152.15,28.769999999999982,78,100,8.05,AU,2025-1-9
245,dalton,34.7698,-84.9702,1.0299999999999727,60,75,2.06,US,2025-1-9
246,suntar,62.1444,117.6319,-12.079999999999984,95,100,2.28,RU,2025-1-9
247,constantia,44.1833,28.65,9.649999999999977,94,100,4.57,RO,2025-1-9
248,taoudenni,22.6783,-3.9836,16.529999999999973,23,4,4.89,ML,2025-1-9
249,amos,48.5669,-78.1162,-19.03,98,12,1.58,CA,2025-1-9
250,petropavlovsk-kamchatsky,53.0452,158.6483,-5.519999999999982,45,0,2.0,RU,2025-1-9
251,arzgir,45.3728,44.2206,8.25,80,0,3.74,RU,2025-1-9
252,grande prairie,55.1667,-118.8027,3.25,93,100,0.0,CA,2025-1-9
253,fort mcmurray,56.7268,-111.381,-5.079999999999984,92,100,4.63,CA,2025-1-9
254,cumbal,0.9088,-77.7915,13.20999999999998,100,75,1.54,CO,2025-1-9
255,la ferte-bernard,48.1863,0.6536,5.189999999999998,95,100,2.87,FR,2025-1-9
256,tomatlan,19.9333,-105.25,23.629999999999995,90,95,1.0,MX,2025-1-9
257,nogliki,51.8333,143.1667,-10.0,75,43,4.54,RU,2025-1-9
258,cannonvale,-20.2833,148.7,32.81,63,89,3.81,AU,2025-1-9
259,rio preto da eva,-2.6994,-59.6997,26.24000000000001,98,100,1.03,BR,2025-1-9
260,saint-joseph,-21.3667,55.6167,31.360000000000014,77,100,5.28,RE,2025-1-9
261,namdrik,5.5994,168.1028,30.879999999999995,79,49,9.57,MH,2025-1-9
262,zintan,31.9223,12.252,11.829999999999984,45,62,2.67,LY,2025-1-9
263,sibundoy,1.2048,-76.9237,17.24000000000001,98,95,0.66,CO,2025-1-9
264,kuta,-8.7233,115.1723,31.120000000000005,94,75,4.12,ID,2025-1-9
265,kidal,18.4411,1.4078,18.230000000000018,20,100,5.77,ML,2025-1-9
266,punta arenas,-53.15,-70.9167,11.20999999999998,71,20,4.12,CL,2025-1-9
267,kralendijk,12.15,-68.2667,28.139999999999986,88,97,2.57,BQ,2025-1-9
268,funafuti,-8.5243,179.1942,33.14999999999998,70,75,9.26,TV,2025-1-9
269,kerikeri,-35.2268,173.9474,23.660000000000025,85,97,0.89,NZ,2025-1-9
270,sathupalli,17.2497,80.869,26.139999999999986,59,8,2.74,IN,2025-1-9
271,okha,53.5739,142.9478,-15.52000000000001,93,45,7.37,RU,2025-1-9
272,sanming,26.2486,117.6186,11.95999999999998,56,98,2.31,CN,2025-1-9
273,saint-philippe,-21.3585,55.7679,29.910000000000025,83,97,5.21,RE,2025-1-9
274,rhinelander,45.6366,-89.4121,-2.5500000000000114,68,100,3.09,US,2025-1-9
275,rongelap,11.1635,166.8941,30.360000000000014,76,3,9.81,MH,2025-1-9
276,guerrero negro,27.9769,-114.0611,18.620000000000005,39,0,4.97,MX,2025-1-9
277,eyl,7.9803,49.8164,25.80000000000001,72,15,6.04,SO,2025-1-9
278,mareeba,-17.0,145.4333,38.329999999999984,30,5,1.06,AU,2025-1-9
279,ibanda,0.9268,29.856,19.180000000000007,54,91,0.74,CD,2025-1-9
280,sao vicente,-23.9631,-46.3919,25.360000000000014,26,83,2.15,BR,2025-1-9
281,letterkenny,54.95,-7.7333,-0.38999999999998636,88,83,0.64,IE,2025-1-9
282,cepu,-7.1475,111.5906,30.54000000000002,79,100,1.63,ID,2025-1-9
283,howrah,22.5892,88.3103,20.149999999999977,72,0,3.6,IN,2025-1-9
284,sironj,24.1,77.7,19.00999999999999,35,34,3.01,IN,2025-1-9
285,tura,25.5198,90.2201,24.25,51,0,0.88,IN,2025-1-9
286,buon ma thuot,12.6667,108.05,27.74000000000001,52,77,6.06,VN,2025-1-9
287,mount isa,-20.7333,139.5,45.01999999999998,12,28,5.14,AU,2025-1-9
288,athni,16.7333,75.0667,24.370000000000005,60,92,6.26,IN,2025-1-9
289,armacao de buzios,-22.7469,-41.8817,24.769999999999982,91,15,5.76,BR,2025-1-9
290,cabo san lucas,22.8909,-109.9124,22.45999999999998,48,40,3.6,MX,2025-1-9
291,mejit,10.2753,170.8646,29.899999999999977,81,79,9.57,MH,2025-1-9
292,geraldton,-28.7667,114.6,28.379999999999995,61,97,5.66,AU,2025-1-9
293,kirensk,57.7853,108.1119,-10.889999999999986,95,100,2.11,RU,2025-1-9
294,galesong,-5.3166,119.3661,31.350000000000023,76,100,4.81,ID,2025-1-9
295,abancay,-13.6339,-72.8814,18.019999999999982,94,100,1.65,PE,2025-1-9
296,hawera,-39.5917,174.2833,19.70999999999998,54,11,3.93,NZ,2025-1-9
297,khovd,48.0056,91.6419,-12.810000000000002,75,75,0.49,MN,2025-1-9
298,east london,-33.0153,27.9116,24.670000000000016,78,0,3.6,ZA,2025-1-9
299,rio grande,-32.035,-52.0986,24.100000000000023,80,0,6.16,BR,2025-1-9
300,drummondville,45.8834,-72.4824,-4.6200000000000045,84,98,0.89,CA,2025-1-9
301,kamyanyets,52.4001,23.81,10.399999999999977,94,100,6.82,BY,2025-1-9
302,marshall,34.3834,-86.3333,4.259999999999991,64,100,0.45,US,2025-1-9
303,dwarka,22.2394,68.9678,25.379999999999995,46,1,2.04,IN,2025-1-9
304,golere,16.2557,-14.1017,26.110000000000014,16,0,5.55,SN,2025-1-9
305,damghan,36.1683,54.348,7.339999999999975,54,0,1.43,IR,2025-1-9
306,monrovia,6.3005,-10.7969,29.529999999999973,82,100,1.48,LR,2025-1-9
307,moses lake,47.1301,-119.2781,4.529999999999973,86,100,2.57,US,2025-1-9
308,santa elena de uairen,4.6167,-61.1333,23.980000000000018,60,74,1.51,VE,2025-1-9
309,aripuana,-9.1667,-60.6333,25.310000000000002,98,95,0.8,BR,2025-1-9
310,langepas,61.2544,75.2124,-5.829999999999984,94,100,8.25,RU,2025-1-9
311,omdurman,15.6445,32.4777,21.779999999999973,30,0,5.54,SD,2025-1-9
312,nosy varika,-20.5833,48.5333,30.069999999999993,78,18,1.43,MG,2025-1-9
313,mount pearl,47.5166,-52.7813,3.230000000000018,92,100,5.14,CA,2025-1-9
314,wanning,18.8003,110.3967,22.75999999999999,73,82,7.71,CN,2025-1-9
315,chapaev,50.2,51.1667,3.6100000000000136,95,100,2.68,KZ,2025-1-9
316,were ilu,10.6,39.4333,12.350000000000023,77,19,2.01,ET,2025-1-9
317,bardai,11.65,7.2333,16.089999999999975,23,1,4.76,NG,2025-1-9
318,tazovsky,67.4667,78.7,-15.780000000000001,93,100,7.74,RU,2025-1-9
319,aykhal,66.0,111.5,-15.77000000000001,98,100,2.29,RU,2025-1-9
320,kone,-21.0595,164.8658,31.579999999999984,54,72,1.45,NC,2025-1-9
321,puerto baquerizo moreno,-0.9,-89.6,26.980000000000018,89,88,2.99,EC,2025-1-9
322,sinmak,38.4167,126.2333,-4.139999999999986,42,3,3.47,KP,2025-1-9
323,labrador city,52.9463,-66.9114,-0.8999999999999773,81,100,16.09,CA,2025-1-9
324,oum hadjer,13.2954,19.6966,19.069999999999993,25,0,4.62,TD,2025-1-9
325,tarboro,35.8968,-77.5358,1.1499999999999773,50,0,3.09,US,2025-1-9
326,egilsstadir,65.2653,-14.3948,-11.899999999999977,85,0,0.51,IS,2025-1-9
327,plakhtiyivka,46.1006,29.7217,10.75,98,41,4.46,UA,2025-1-9
328,akdepe,42.0551,59.3788,1.1399999999999864,35,0,3.42,TM,2025-1-9
329,matadi,-5.8167,13.45,26.389999999999986,98,53,0.44,CD,2025-1-9
330,talcahuano,-36.7167,-73.1167,17.970000000000027,67,0,5.14,CL,2025-1-9
331,san patricio,28.017,-97.5169,7.1200000000000045,89,100,4.95,US,2025-1-9
332,jiuquan,39.7432,98.5174,-0.6899999999999977,61,100,2.62,CN,2025-1-9
333,mahajanga,-15.7167,46.3167,30.100000000000023,77,61,3.29,MG,2025-1-9
334,christchurch,-43.5333,172.6333,23.329999999999984,59,75,3.6,NZ,2025-1-9
335,olyokminsk,60.3736,120.4264,-17.74000000000001,85,99,1.61,RU,2025-1-9
336,horta,38.5333,-28.6333,20.939999999999998,92,100,4.92,PT,2025-1-9
337,hargeysa,9.56,44.065,16.389999999999986,92,52,3.4,SO,2025-1-9
338,shingu,33.7333,135.9833,9.899999999999977,44,59,5.86,JP,2025-1-9
339,vilyuchinsk,52.9306,158.4028,-4.699999999999989,73,0,2.59,RU,2025-1-9
340,la paz,-16.5,-68.15,11.25,86,100,4.12,BO,2025-1-9
341,tyumen,57.1522,65.5272,3.1999999999999886,86,75,7.0,RU,2025-1-9
342,totness,5.8833,-56.3167,28.20999999999998,72,9,3.66,SR,2025-1-9
343,yatou,37.15,122.3833,3.3000000000000114,57,60,5.92,CN,2025-1-9
344,minas de marcona,-15.2119,-75.1103,19.139999999999986,80,55,3.98,PE,2025-1-9
345,tadine,-21.55,167.8833,29.339999999999975,60,83,5.83,NC,2025-1-9
346,naze,28.3667,129.4833,14.660000000000025,69,97,8.54,JP,2025-1-9
347,labytnangi,66.6572,66.4183,-10.120000000000005,96,100,2.69,RU,2025-1-9
348,nizhniy lomov,53.5304,43.6766,2.490000000000009,92,100,3.98,RU,2025-1-9
349,trinidad,-14.8333,-64.9,25.99000000000001,96,100,1.47,BO,2025-1-9
350,awjilah,29.1081,21.2869,14.269999999999982,91,0,3.47,LY,2025-1-9
351,bikenibeu village,1.3673,173.1241,34.129999999999995,70,20,4.12,KI,2025-1-9
352,princeville,45.7668,-61.2985,4.560000000000002,95,100,6.69,CA,2025-1-9
353,filey,54.21,-0.2892,3.3100000000000023,39,60,1.79,GB,2025-1-9
354,sinan,34.8262,126.1086,3.9700000000000273,73,100,10.75,KR,2025-1-9
355,sarpang,26.864,90.2674,22.529999999999973,38,50,1.62,BT,2025-1-9
356,beatrice,40.2681,-96.747,4.2099999999999795,86,100,5.14,US,2025-1-9
357,hadibu,12.65,54.0333,25.980000000000018,66,12,5.01,YE,2025-1-9
358,taltal,-25.4,-70.4833,22.75,84,5,0.88,CL,2025-1-9
359,dudinka,69.4058,86.1778,-29.05000000000001,100,82,2.5,RU,2025-1-9
360,monte alegre,-2.0078,-54.0692,27.560000000000002,83,96,1.46,BR,2025-1-9
361,lagoa,39.05,-27.9833,20.889999999999986,88,100,5.86,PT,2025-1-9
362,kayangel,8.0823,134.7173,31.70999999999998,76,40,7.21,PW,2025-1-9
363,talipparamba,12.05,75.35,31.120000000000005,50,94,1.07,IN,2025-1-9
364,hawaiian paradise park,19.5933,-154.9731,26.879999999999995,93,0,2.57,US,2025-1-9
365,lompoc,34.6391,-120.4579,14.339999999999975,65,0,2.57,US,2025-1-9
366,fuglafjordur,62.244,-6.814,2.089999999999975,70,63,2.88,FO,2025-1-9
367,pechory,57.8164,27.6119,2.1499999999999773,96,100,4.44,RU,2025-1-9
368,quellon,-43.1167,-73.6167,11.850000000000023,88,0,3.32,CL,2025-1-9
369,radevormwald,51.2,7.35,2.1399999999999864,95,94,4.54,DE,2025-1-9
370,ponta delgada,37.7333,-25.6667,21.55000000000001,100,75,8.75,PT,2025-1-9
371,walla walla,46.0646,-118.343,5.189999999999998,88,100,3.09,US,2025-1-9
372,mirny,62.5353,113.9611,-11.810000000000002,96,100,2.48,RU,2025-1-9
373,broken hill,-31.95,141.4333,39.089999999999975,14,2,1.51,AU,2025-1-9
374,beira,-19.8436,34.8389,28.19999999999999,73,75,2.06,MZ,2025-1-9
375,timimoun,29.2639,0.231,9.360000000000014,52,0,3.6,DZ,2025-1-9
376,portland,45.5234,-122.6762,9.279999999999973,74,75,6.17,US,2025-1-9
377,harstad,68.799,16.5293,-1.759999999999991,89,92,4.32,NO,2025-1-9
378,fort bragg,35.139,-79.006,0.8999999999999773,53,0,2.06,US,2025-1-9
379,ketchikan,55.3422,-131.6461,12.410000000000025,89,100,7.72,US,2025-1-9
380,hithadhoo,-0.6,73.0833,30.930000000000007,73,73,1.4,MV,2025-1-9
381,kargasok,59.0556,80.8572,-8.610000000000014,94,100,7.43,RU,2025-1-9
382,benjamin constant,-4.3831,-70.0311,28.220000000000027,98,91,1.17,BR,2025-1-9
383,coquimbo,-29.9533,-71.3436,21.0,94,100,2.06,CL,2025-1-9
384,burutu,5.3509,5.5076,28.49000000000001,84,1,1.16,NG,2025-1-9
385,plouzane,48.3833,-4.6167,6.25,93,100,7.2,FR,2025-1-9
386,dzuunharaa,48.8523,106.4579,-16.49000000000001,83,90,0.42,MN,2025-1-9
387,lianhe,47.1333,129.2667,-7.550000000000011,62,4,1.16,CN,2025-1-9
388,mochudi,-24.4167,26.15,24.170000000000016,89,74,2.32,BW,2025-1-9
389,port lincoln,-34.7333,135.8667,26.189999999999998,50,13,3.82,AU,2025-1-9
390,isna,25.2934,32.554,16.889999999999986,49,0,2.82,EG,2025-1-9
391,kumla,59.1277,15.1434,2.1200000000000045,86,100,7.72,SE,2025-1-9
392,kosh-agach,50.0,88.6667,-17.80000000000001,97,93,0.48,RU,2025-1-9
393,klishkivtsi,48.4316,26.2623,10.110000000000014,75,95,2.82,UA,2025-1-9
394,pen,18.75,73.0833,28.019999999999982,34,99,1.55,IN,2025-1-9
395,sur,22.5667,59.5289,24.560000000000002,60,2,4.29,OM,2025-1-9
396,borujen,31.9652,51.2873,2.3600000000000136,69,0,0.78,IR,2025-1-9
397,sandnessjoen,66.0217,12.6316,-0.10000000000002274,93,100,5.66,NO,2025-1-9
398,nagqu,31.5,92.0,-0.3299999999999841,14,0,7.56,CN,2025-1-9
399,west athens,33.9234,-118.3034,18.879999999999995,45,0,2.06,US,2025-1-9
400,mazagao,-0.115,-51.2894,26.0,99,38,1.39,BR,2025-1-9
401,uray,60.1247,64.7758,3.3700000000000045,83,100,7.47,RU,2025-1-9
402,abadiania,-16.2042,-48.7069,22.660000000000025,97,90,2.05,BR,2025-1-9
403,lawar khas,29.1167,77.7667,17.189999999999998,40,0,1.01,IN,2025-1-9
404,ko pha ngan,9.7578,100.0291,31.529999999999973,70,62,5.28,TH,2025-1-9
405,akureyri,65.6835,-18.0878,1.1100000000000136,64,20,6.69,IS,2025-1-9
406,farasan,16.7022,42.1183,29.100000000000023,77,8,4.89,SA,2025-1-9
407,thinadhoo,0.5333,72.9333,31.0,75,93,3.82,MV,2025-1-9
408,bayganin,48.6947,55.8742,-5.319999999999993,86,13,2.5,KZ,2025-1-9
409,lewiston orchards,46.3804,-116.9754,4.8799999999999955,89,40,1.54,US,2025-1-9
410,mahina,-17.5065,-149.489,31.019999999999982,78,75,1.54,PF,2025-1-9
411,iskateley,67.6803,53.1512,-7.240000000000009,95,100,3.99,RU,2025-1-9
412,as sulayyil,20.4607,45.5779,13.680000000000007,63,1,3.72,SA,2025-1-9
413,uige,-7.6087,15.0613,22.480000000000018,99,100,0.99,AO,2025-1-9
414,sarbogard,46.8869,18.6204,6.980000000000018,70,100,7.1,HU,2025-1-9
415,miandrivazo,-19.5167,45.4667,32.49000000000001,65,34,0.98,MG,2025-1-9
416,viedma,-40.8135,-62.9967,18.319999999999993,60,77,5.68,AR,2025-1-9
417,jijiga,9.35,42.8,18.839999999999975,43,82,1.42,ET,2025-1-9
418,harnai,30.1005,67.9374,16.379999999999995,18,0,1.55,PK,2025-1-9
419,mossel bay,-34.1831,22.146,23.110000000000014,79,93,3.81,ZA,2025-1-9
420,gaalkacyo,6.7697,47.4308,23.470000000000027,74,18,6.12,SO,2025-1-9
421,dunedin,-45.8742,170.5036,18.220000000000027,73,90,3.15,NZ,2025-1-9
422,novodvinsk,64.4165,40.8122,-5.990000000000009,91,38,3.7,RU,2025-1-9
423,la sarre,48.8002,-79.1996,-19.52000000000001,99,8,1.4,CA,2025-1-9
424,stornoway,58.2093,-6.3865,6.1299999999999955,87,40,1.54,GB,2025-1-9
425,ati,13.2154,18.3353,18.420000000000016,28,0,4.61,TD,2025-1-9
426,yermolayevo,52.7167,55.8,-0.10000000000002274,97,100,2.86,RU,2025-1-9
427,wajir,1.7471,40.0573,27.129999999999995,69,0,3.09,KE,2025-1-9
428,kedainiai,55.2883,23.9747,6.980000000000018,97,100,5.53,LT,2025-1-9
429,pandan,14.0453,124.1694,28.29000000000002,91,100,8.11,PH,2025-1-9
430,znamenskoye,57.1281,73.8282,-1.1200000000000045,93,100,6.72,RU,2025-1-9
431,dawson creek,55.7666,-120.2362,5.949999999999989,75,0,4.63,CA,2025-1-9
432,vega de alatorre,20.0333,-96.6333,23.850000000000023,89,88,5.22,MX,2025-1-9
433,san antonio de pale,-1.4014,5.6325,29.939999999999998,80,95,2.32,GQ,2025-1-9
434,den burg,53.0542,4.7972,9.139999999999986,60,20,6.69,NL,2025-1-9
435,timaru,-44.4,171.25,19.860000000000014,73,86,2.68,NZ,2025-1-9
436,pontarlier,46.8333,6.25,0.009999999999990905,92,100,1.43,FR,2025-1-9
437,karyes,37.3,22.5,10.970000000000027,94,32,1.7,GR,2025-1-9
438,dinajpur,25.6272,88.6386,21.930000000000007,48,0,2.26,BD,2025-1-9
439,belvedere marittimo,39.6179,15.8617,17.079999999999984,84,100,2.0,IT,2025-1-9
440,harper,4.375,-7.7169,29.230000000000018,83,97,2.62,LR,2025-1-9
441,puerto armuelles,8.2833,-82.8667,28.75999999999999,81,100,0.45,PA,2025-1-9
442,cam ranh,11.9214,109.1591,29.129999999999995,61,40,10.8,VN,2025-1-9
443,debark',13.1561,37.8981,11.430000000000007,47,1,1.67,ET,2025-1-9
444,pacific grove,36.6177,-121.9166,17.269999999999982,71,0,4.02,US,2025-1-9
445,lerwick,60.1545,-1.1494,6.810000000000002,67,77,7.62,GB,2025-1-9
446,ha tien,10.3833,104.4833,31.170000000000016,53,37,9.1,VN,2025-1-9
447,nemuro,43.3236,145.575,3.3600000000000136,75,96,7.92,JP,2025-1-9
448,ploneour-lanvern,47.9,-4.2833,6.329999999999984,100,100,9.77,FR,2025-1-9
449,nicoya,10.1483,-85.452,26.069999999999993,86,100,4.03,CR,2025-1-9
450,khost,33.3395,69.9204,13.149999999999977,22,99,1.04,AF,2025-1-9
451,ascencion,31.1,-107.9833,1.759999999999991,86,89,2.24,MX,2025-1-9
452,rockport,28.0206,-97.0544,8.180000000000007,94,100,6.69,US,2025-1-9
453,nuuk,64.1835,-51.7216,-2.509999999999991,73,5,7.72,GL,2025-1-9
454,broome,42.2506,-75.833,-2.569999999999993,77,100,8.23,US,2025-1-9
455,at-bashi,41.1702,75.8106,-9.930000000000007,53,0,1.54,KG,2025-1-9
456,xai-xai,-25.0519,33.6442,28.00999999999999,90,98,3.16,MZ,2025-1-9
457,kismayo,-0.3582,42.5454,28.620000000000005,77,84,6.86,SO,2025-1-9
458,laascaanood,8.4774,47.3597,20.05000000000001,87,19,5.16,SO,2025-1-9
459,birmingham,33.5207,-86.8025,7.139999999999986,45,100,1.54,US,2025-1-9
460,ancud,-41.8697,-73.8203,12.720000000000027,79,9,1.6,CL,2025-1-9
461,alofi,-19.0595,-169.9187,28.089999999999975,94,75,4.63,NU,2025-1-9
462,north tamworth,-31.0778,150.9261,32.20999999999998,45,20,7.2,AU,2025-1-9
463,williams lake,52.1415,-122.1445,5.910000000000025,80,100,6.69,CA,2025-1-9
464,puerto lopez,4.0845,-72.956,30.329999999999984,67,100,0.79,CO,2025-1-9
465,palikir - national government center,6.9248,158.1611,34.620000000000005,66,75,6.17,FM,2025-1-9
466,malazgirt,39.1427,42.5401,-6.660000000000025,80,3,0.78,TR,2025-1-9
467,la gi,10.6667,107.7833,28.350000000000023,69,100,4.96,VN,2025-1-9
468,adilcevaz,38.8039,42.7342,1.7099999999999795,59,0,1.81,TR,2025-1-9
469,brazzaville,-4.2658,15.2832,28.319999999999993,93,22,0.8,CG,2025-1-9
470,pieksamaki,62.3,27.1333,-6.8799999999999955,97,94,2.49,FI,2025-1-9
471,mola di bari,41.0609,17.0873,13.930000000000007,79,7,3.14,IT,2025-1-9
472,guelmim,28.987,-10.0574,16.110000000000014,43,71,1.56,MA,2025-1-9
473,north bend,43.4065,-124.2243,12.100000000000023,93,0,1.54,US,2025-1-9
474,ambon,-3.6954,128.1814,36.23000000000002,100,40,1.03,ID,2025-1-9
475,yreka,41.7354,-122.6345,5.25,80,0,1.54,US,2025-1-9
476,tsiombe,-25.3,45.4833,31.819999999999993,67,9,2.0,MG,2025-1-9
477,tarawa,1.419,172.984,34.19999999999999,70,20,4.12,KI,2025-1-9
478,fortuna,40.5982,-124.1573,12.79000000000002,100,0,4.12,US,2025-1-9
479,plettenberg bay,-34.0527,23.3716,23.20999999999998,86,94,3.29,ZA,2025-1-9
480,namsos,64.4662,11.4957,-1.8999999999999773,86,100,4.12,NO,2025-1-9
481,kashmor,28.4333,69.5833,18.95999999999998,18,0,8.23,PK,2025-1-9
482,jauja,-11.7758,-75.4966,10.5,89,100,1.84,PE,2025-1-9
483,abadan,30.3392,48.3043,11.120000000000005,87,2,2.06,IR,2025-1-9
484,jeddah,21.5169,39.2192,26.069999999999993,68,20,0.0,SA,2025-1-9
485,aldinga beach,-35.2793,138.4604,31.730000000000018,40,36,4.59,AU,2025-1-9
486,ghat,24.9647,10.1728,11.689999999999998,36,0,0.58,LY,2025-1-9
487,salalah,17.0151,54.0924,24.19999999999999,43,0,6.17,OM,2025-1-9
488,sao jose da coroa grande,-8.8978,-35.1478,29.170000000000016,85,79,4.42,BR,2025-1-9
489,remire-montjoly,4.9167,-52.2667,27.170000000000016,100,75,0.51,GF,2025-1-9
490,an nuhud,12.7,28.4333,19.110000000000014,33,1,6.12,SD,2025-1-9
491,luba,3.4568,8.5547,29.610000000000014,82,10,2.19,GQ,2025-1-9
492,winters,38.5249,-121.9708,23.100000000000023,18,0,8.23,US,2025-1-9
493,gizo,-8.103,156.8419,32.0,76,98,4.43,SB,2025-1-9
494,mabaruma,8.2,-59.7833,23.779999999999973,93,30,0.6,GY,2025-1-9
495,gamboma,-1.8764,15.8644,26.569999999999993,84,89,1.66,CG,2025-1-9
496,ayr,55.4627,-4.6339,-1.8600000000000136,86,0,1.54,GB,2025-1-9
497,anton lizardo,19.05,-95.9833,24.379999999999995,88,26,2.55,MX,2025-1-9
498,bikin,46.8161,134.26,-8.259999999999991,79,28,1.45,RU,2025-1-9
499,pasni,25.2631,63.471,22.120000000000005,49,37,4.03,PK,2025-1-9
500,port hedland,-20.3167,118.5667,37.18000000000001,55,100,3.6,AU,2025-1-9
501,qazvin,36.2797,50.0049,0.9399999999999977,93,0,0.0,IR,2025-1-9
502,zabol,32.25,67.25,4.759999999999991,40,100,3.66,AF,2025-1-9
503,peace river,56.2501,-117.286,3.319999999999993,93,75,4.63,CA,2025-1-9
504,coron,11.9986,120.2043,34.389999999999986,59,75,1.92,PH,2025-1-9
505,khandyga,62.6667,135.6,-27.80000000000001,91,100,1.05,RU,2025-1-9
506,qui nhon,13.7667,109.2333,25.879999999999995,81,55,9.45,VN,2025-1-9
507,santa terezinha,-29.9002,-50.0904,25.24000000000001,74,12,7.45,BR,2025-1-9
508,katlenburg-lindau,51.6833,10.1,5.079999999999984,87,96,2.68,DE,2025-1-9
509,fomboni,-12.28,43.7425,30.829999999999984,80,70,4.52,KM,2025-1-9
510,dalandzadgad,43.5708,104.425,-4.850000000000023,53,88,1.54,MN,2025-1-9
511,guatrache,-37.6678,-63.5302,19.74000000000001,73,62,8.06,AR,2025-1-9
512,swan hill,-35.3378,143.5544,37.420000000000016,16,21,2.93,AU,2025-1-9
513,weno,7.4515,151.8468,34.120000000000005,74,20,3.6,FM,2025-1-9
514,ghadamis,30.1337,9.5007,13.620000000000005,41,0,3.7,LY,2025-1-9
515,zhaodong,46.0833,125.9833,-12.29000000000002,85,14,0.78,CN,2025-1-9
516,livadiya,42.8692,132.6764,-1.6800000000000068,47,64,6.17,RU,2025-1-9
517,susuman,62.7833,148.1667,-20.610000000000014,98,100,0.14,RU,2025-1-9
518,alenquer,-1.9417,-54.7383,27.0,94,100,1.38,BR,2025-1-9
519,karratha,-20.7377,116.8463,39.25999999999999,44,100,6.29,AU,2025-1-9
520,zhezqazghan,47.7833,67.7667,-11.529999999999973,78,15,5.0,KZ,2025-1-9
521,magistral'nyy,56.1725,107.4458,-14.129999999999995,96,100,1.03,RU,2025-1-9
522,zhumysker,49.3333,49.4,4.550000000000011,96,98,2.75,KZ,2025-1-9
523,itoman,26.1247,127.6694,16.360000000000014,76,75,12.35,JP,2025-1-9
524,holualoa,19.6228,-155.9522,26.389999999999986,84,95,0.89,US,2025-1-9
525,kudahuvadhoo,2.6708,72.8944,31.05000000000001,77,79,5.84,MV,2025-1-9
526,hondo,32.45,130.2,7.110000000000014,48,4,4.85,JP,2025-1-9
527,pointe michel,15.25,-61.3833,28.029999999999973,72,6,1.04,DM,2025-1-9
528,gulma,12.6423,4.3555,19.980000000000018,21,1,5.41,NG,2025-1-9
529,road town,18.4167,-64.6167,27.860000000000014,80,92,6.41,VG,2025-1-9
530,shindand,33.3029,62.1474,7.680000000000007,62,97,1.14,AF,2025-1-9
531,mansfield,53.1333,-1.2,0.160000000000025,87,5,1.6,GB,2025-1-9
532,kodar,16.9833,79.9667,26.0,64,6,3.65,IN,2025-1-9
533,byaroza,52.5314,24.9786,10.5,93,100,7.33,BY,2025-1-9
534,safotu,-13.4513,-172.4018,30.74000000000001,87,100,14.59,WS,2025-1-9
535,charters towers,-20.1,146.2667,38.0,30,19,4.7,AU,2025-1-9
536,masterton,-40.9597,175.6575,22.269999999999982,40,1,4.26,NZ,2025-1-9
537,watford city,47.8022,-103.2832,-1.9300000000000068,93,6,5.14,US,2025-1-9
538,colonel hill,22.7667,-74.2167,25.75,72,45,6.03,BS,2025-1-9
539,igarka,67.4667,86.5833,-28.840000000000003,100,40,2.47,RU,2025-1-9
540,menongue,-14.6585,17.691,19.45999999999998,91,60,1.32,AO,2025-1-9
541,el-tor,28.2364,33.6254,19.529999999999973,52,0,2.26,EG,2025-1-9
542,deqen,29.9618,90.7188,5.470000000000027,6,1,4.53,CN,2025-1-9
543,lospalos,-8.5186,127.0025,33.129999999999995,59,100,3.23,TL,2025-1-9
544,kurumkan,54.3,110.3,-15.889999999999986,91,28,0.5,RU,2025-1-9
545,baikonur,45.6167,63.3167,-3.6999999999999886,78,6,4.73,KZ,2025-1-9
546,zarah sharan,33.1467,68.7917,-3.269999999999982,68,100,1.43,AF,2025-1-9
547,colchani,-20.3,-66.9333,14.70999999999998,56,92,3.13,BO,2025-1-9
548,wagrowiec,52.8084,17.1996,3.829999999999984,97,100,7.71,PL,2025-1-9
549,gadzhiyevo,69.2551,33.3362,-6.310000000000002,99,100,4.69,RU,2025-1-9
550,quiberon,47.4841,-3.1196,8.259999999999991,82,100,13.7,FR,2025-1-9
551,troitskoye,52.9821,84.6757,-2.490000000000009,94,100,6.63,RU,2025-1-9
552,hami,42.8,93.45,-1.670000000000016,77,86,1.22,CN,2025-1-9
553,wloszczowa,50.8526,19.9659,4.5,79,100,9.5,PL,2025-1-9
554,minab,27.1467,57.0801,19.889999999999986,26,0,3.31,IR,2025-1-9
555,sabha,27.0377,14.4283,12.740000000000009,57,7,2.5,LY,2025-1-9
556,wolmaransstad,-27.1974,25.9831,22.899999999999977,75,78,3.19,ZA,2025-1-9
557,bafoulabe,13.8065,-10.8321,26.889999999999986,17,23,1.16,ML,2025-1-9
558,luckau,51.85,13.7167,3.8899999999999864,97,100,6.11,DE,2025-1-9
559,laojunmiao,39.8333,97.7333,-3.6499999999999773,66,91,7.48,CN,2025-1-9
560,galle,6.0367,80.217,31.439999999999998,81,28,0.45,LK,2025-1-9
561,siwa oasis,29.2041,25.5195,15.54000000000002,83,0,3.87,EG,2025-1-9
562,nema,57.5067,50.5011,-0.8299999999999841,92,94,3.64,RU,2025-1-9
563,labuan bajo,-8.4964,119.8877,32.120000000000005,74,91,1.37,ID,2025-1-9
564,st. john's,47.5649,-52.7093,3.6899999999999977,89,100,5.14,CA,2025-1-9
565,happy valley-goose bay,53.3168,-60.3315,3.319999999999993,86,100,10.29,CA,2025-1-9
566,bandon,51.7469,-8.7425,6.920000000000016,96,100,7.19,IE,2025-1-9
567,cidreira,-30.1811,-50.2056,25.54000000000002,73,2,7.33,BR,2025-1-9
568,la'ie,21.6477,-157.9253,30.129999999999995,84,40,1.79,US,2025-1-9
569,domerat,46.3606,2.5343,4.970000000000027,95,100,2.11,FR,2025-1-9
570,fisterra,42.9049,-9.2629,17.879999999999995,94,88,9.98,ES,2025-1-9
571,lorgues,43.4936,6.3611,12.379999999999995,54,40,5.66,FR,2025-1-9
572,kinston,35.2627,-77.5816,1.0699999999999932,59,0,2.06,US,2025-1-9
573,jayapura,-2.5333,140.7,33.81,70,100,2.71,ID,2025-1-9
574,greymouth,-42.4667,171.2,22.30000000000001,67,68,3.25,NZ,2025-1-9
575,longwy,49.5194,5.7688,4.100000000000023,94,84,3.58,FR,2025-1-9
576,yurty,56.0498,97.6348,-9.389999999999986,86,100,0.85,RU,2025-1-9
577,inhambane,-23.865,35.3833,31.04000000000002,82,19,5.88,MZ,2025-1-9
578,riberalta,-10.9833,-66.1,26.04000000000002,99,100,0.75,BO,2025-1-9
